,age,gap,gender,preferences,interests,seriousness,similarity_pref,rankings,traits,traits_pref,budget,min_duration,max_duration,max_distance,calendar
0,22,2,"[0, 1, 0]","[1, 0, 0]","[4, 4, 5, 5, 3, 3, 4, 1]",0.14,0.7,"[0.4, 0.4, 0.2]","[1, 1, 0, 1, 0, 0, 0, 1, 0, 0, 0, 0, 1, 1, 1, 0, 1, 0, 0, 0, 0, 0, 0, 0, 0, 0, 0, 0, 1, 1]","[0, 0, 0, 0, 1, 0, 0, 1, 0, 0, 0, 0, 0, 0, 0, 0, 0, 0, 1, 1, 1, 0, 0, 0, 1, 0, 1, 1, 1, 1]",20,2,3,15,"[[0, 1, 0, 1, 1, 0, 0, 1, 0, 0, 1, 1, 0, 1], [0, 1, 0, 1, 1, 1, 1, 0, 0, 1, 1, 1, 1, 0], [0, 0, 0, 1, 0, 1, 0, 0, 0, 1, 0, 0, 1, 1], [0, 0, 1, 0, 0, 1, 0, 1, 0, 1, 1, 1, 1, 1], [1, 0, 1, 1, 0, 0, 0, 0, 0, 0, 1, 1, 1, 1], [1, 1, 1, 1, 0, 1, 1, 0, 1, 1, 0, 0, 1, 1], [1, 0, 1, 1, 0, 0, 0, 1, 1, 1, 1, 0, 1, 0]]"
1,20,3,"[0, 1, 0]","[1, 0, 0]","[3, 3, 4, 5, 1, 4, 4, 2]",0.6,0.72,"[0.1, 0.4, 0.5]","[0, 1, 1, 0, 0, 0, 1, 1, 0, 0, 1, 0, 0, 1, 0, 0, 1, 0, 1, 0, 0, 0, 1, 0, 0, 0, 1, 0, 0, 0]","[0, 0, 1, 1, 0, 0, 0, 1, 0, 0, 0, 0, 0, 0, 1, 0, 0, 1, 1, 0, 0, 1, 1, 1, 1, 0, 0, 0, 0, 0]",20,1,3,39,"[[1, 1, 0, 1, 1, 0, 0, 1, 0, 0, 0, 0, 1, 0], [1, 0, 1, 0, 1, 1, 1, 0, 0, 1, 1, 0, 1, 0], [1, 0, 0, 0, 0, 1, 1, 0, 0, 1, 1, 0, 0, 0], [0, 0, 0, 1, 1, 0, 1, 0, 0, 0, 1, 0, 1, 1], [0, 0, 0, 0, 1, 0, 1, 0, 0, 1, 1, 0, 0, 1], [0, 1, 0, 1, 0, 1, 1, 0, 1, 1, 1, 1, 1, 0], [0, 0, 1, 0, 1, 1, 1, 1, 0, 0, 1, 1, 0, 1]]"
2,23,0,"[1, 0, 0]","[0, 1, 0]","[4, 3, 1, 1, 1, 2, 3, 1]",0.77,0.65,"[0.2, 0.4, 0.4]","[1, 0, 0, 0, 1, 0, 0, 0, 0, 1, 1, 0, 1, 0, 0, 0, 0, 1, 1, 0, 0, 1, 1, 0, 1, 0, 0, 0, 0, 0]","[0, 0, 0, 0, 1, 0, 0, 0, 0, 0, 1, 0, 0, 1, 0, 0, 0, 1, 1, 1, 0, 1, 0, 1, 0, 0, 1, 0, 1, 0]",10,1,3,48,"[[0, 0, 1, 1, 1, 1, 0, 0, 1, 0, 1, 1, 1, 0], [0, 0, 0, 1, 1, 0, 0, 0, 0, 1, 1, 0, 1, 1], [1, 1, 0, 1, 1, 0, 1, 0, 1, 1, 1, 1, 0, 1], [0, 1, 0, 1, 1, 1, 0, 0, 1, 0, 1, 0, 0, 0], [1, 0, 0, 1, 1, 1, 0, 0, 0, 1, 1, 1, 0, 0], [1, 1, 1, 1, 1, 0, 0, 1, 0, 1, 1, 1, 1, 1], [0, 0, 1, 1, 1, 0, 1, 0, 0, 1, 1, 1, 1, 0]]"
3,21,2,"[0, 1, 0]","[1, 0, 0]","[2, 1, 3, 4, 3, 3, 5, 2]",0.84,0.93,"[0, 0.5, 0.5]","[1, 0, 0, 0, 0, 1, 0, 0, 0, 1, 0, 0, 0, 0, 0, 0, 1, 1, 0, 1, 0, 0, 0, 1, 0, 1, 0, 1, 0, 1]","[1, 0, 1, 0, 0, 1, 0, 0, 0, 0, 0, 0, 0, 1, 1, 0, 0, 0, 0, 1, 1, 0, 1, 1, 0, 0, 0, 1, 0, 0]",40,3,4,48,"[[0, 0, 0, 0, 0, 0, 0, 0, 1, 0, 1, 0, 0, 0], [0, 0, 0, 0, 0, 1, 0, 0, 1, 1, 1, 0, 1, 0], [0, 0, 1, 1, 1, 0, 1, 0, 0, 1, 1, 1, 0, 1], [0, 1, 0, 1, 0, 1, 0, 0, 0, 0, 1, 1, 0, 1], [0, 0, 0, 0, 1, 1, 1, 0, 0, 0, 1, 1, 0, 1], [1, 1, 0, 0, 1, 1, 0, 0, 0, 1, 0, 1, 0, 0], [0, 0, 0, 0, 1, 0, 0, 1, 1, 0, 1, 1, 0, 1]]"
4,22,2,"[1, 0, 0]","[0, 1, 0]","[4, 4, 2, 1, 2, 4, 2, 4]",0.95,0.76,"[0.1, 0.4, 0.5]","[1, 0, 0, 0, 1, 0, 0, 1, 0, 0, 0, 1, 0, 1, 0, 0, 0, 0, 1, 1, 0, 0, 0, 1, 0, 0, 0, 1, 1, 0]","[0, 0, 1, 0, 0, 0, 0, 1, 1, 1, 1, 1, 0, 0, 0, 0, 0, 0, 1, 1, 0, 1, 0, 0, 1, 0, 0, 0, 0, 0]",20,2,7,6,"[[1, 1, 0, 1, 1, 0, 0, 0, 0, 0, 1, 0, 0, 1], [0, 1, 0, 0, 1, 1, 0, 1, 0, 0, 0, 1, 0, 0], [0, 0, 1, 1, 1, 1, 0, 1, 1, 1, 1, 0, 1, 1], [0, 0, 0, 0, 0, 0, 0, 0, 0, 1, 1, 1, 1, 1], [0, 0, 0, 1, 1, 0, 0, 0, 0, 0, 1, 1, 1, 1], [1, 1, 0, 1, 1, 1, 0, 1, 0, 1, 1, 1, 1, 1], [0, 1, 1, 1, 0, 1, 1, 0, 1, 1, 1, 1, 1, 0]]"
5,25,1,"[1, 0, 0]","[0, 1, 0]","[3, 4, 4, 2, 2, 4, 3, 4]",0.56,0.99,"[0.2, 0.3, 0.5]","[0, 0, 0, 0, 0, 1, 1, 0, 0, 1, 0, 1, 1, 0, 1, 0, 1, 1, 0, 0, 0, 0, 0, 0, 1, 0, 0, 0, 1, 0]","[0, 1, 1, 1, 1, 1, 1, 1, 0, 0, 0, 1, 0, 0, 0, 0, 1, 0, 0, 0, 0, 0, 0, 0, 1, 0, 0, 0, 0, 0]",20,2,3,41,"[[1, 0, 1, 1, 1, 0, 0, 0, 1, 0, 1, 1, 1, 0], [0, 0, 1, 0, 0, 1, 0, 0, 1, 0, 1, 1, 0, 0], [1, 0, 0, 0, 0, 0, 0, 0, 0, 0, 0, 1, 1, 0], [0, 0, 0, 0, 1, 0, 0, 1, 0, 1, 0, 1, 0, 1], [1, 1, 0, 1, 1, 0, 0, 0, 0, 1, 0, 1, 1, 0], [1, 0, 1, 1, 1, 1, 0, 0, 1, 1, 1, 1, 1, 1], [1, 0, 1, 0, 1, 1, 1, 1, 0, 1, 1, 1, 1, 0]]"
6,23,3,"[1, 0, 0]","[0, 1, 0]","[4, 2, 2, 1, 2, 3, 4, 5]",0.1,0.67,"[0.2, 0.5, 0.3]","[0, 1, 0, 0, 0, 0, 1, 0, 0, 0, 1, 0, 0, 0, 0, 1, 1, 1, 1, 1, 0, 0, 0, 0, 0, 1, 1, 0, 0, 0]","[1, 0, 0, 1, 0, 0, 0, 0, 0, 0, 0, 1, 0, 1, 1, 0, 0, 1, 0, 0, 0, 1, 0, 0, 0, 1, 0, 0, 1, 1]",30,3,5,49,"[[1, 0, 0, 1, 1, 0, 1, 0, 0, 0, 1, 1, 0, 0], [0, 0, 0, 0, 0, 0, 1, 0, 0, 0, 1, 1, 1, 0], [0, 0, 0, 1, 0, 0, 0, 0, 0, 1, 1, 1, 1, 1], [0, 0, 0, 1, 0, 0, 0, 0, 0, 0, 0, 1, 1, 0], [0, 0, 0, 0, 1, 0, 0, 1, 0, 1, 1, 0, 0, 1], [1, 1, 0, 1, 1, 1, 1, 1, 1, 1, 1, 1, 0, 1], [1, 1, 0, 1, 0, 1, 1, 0, 1, 1, 1, 0, 1, 0]]"
7,24,2,"[1, 0, 0]","[0, 1, 0]","[4, 1, 4, 1, 5, 5, 5, 3]",0.98,0.86,"[0.5, 0.2, 0.3]","[0, 1, 1, 0, 1, 0, 0, 0, 0, 0, 1, 0, 0, 0, 0, 0, 1, 0, 0, 0, 1, 1, 0, 1, 1, 0, 1, 0, 0, 0]","[0, 0, 0, 0, 0, 1, 0, 0, 0, 1, 1, 0, 0, 0, 0, 1, 0, 0, 1, 0, 0, 1, 0, 1, 1, 0, 1, 0, 1, 0]",10,1,3,6,"[[0, 0, 0, 1, 1, 1, 0, 0, 0, 0, 1, 1, 1, 0], [0, 0, 0, 0, 0, 1, 1, 0, 0, 0, 0, 0, 1, 0], [0, 0, 0, 1, 1, 0, 1, 0, 0, 1, 1, 1, 1, 0], [0, 0, 0, 1, 1, 1, 0, 0, 0, 0, 0, 1, 1, 0], [1, 0, 0, 1, 0, 1, 1, 0, 0, 0, 1, 0, 0, 1], [0, 1, 1, 1, 1, 0, 0, 1, 1, 1, 0, 0, 1, 1], [1, 0, 0, 1, 1, 1, 1, 0, 1, 1, 1, 1, 1, 0]]"
8,23,2,"[0, 1, 0]","[1, 0, 0]","[2, 4, 4, 5, 1, 1, 2, 5]",0.59,0.49,"[0.4, 0.4, 0.2]","[0, 0, 1, 0, 0, 0, 1, 0, 1, 0, 1, 0, 1, 0, 1, 0, 0, 0, 0, 0, 0, 0, 1, 0, 0, 1, 0, 0, 1, 1]","[1, 1, 0, 0, 0, 1, 0, 0, 0, 0, 1, 0, 0, 1, 0, 0, 0, 0, 0, 0, 0, 1, 1, 0, 1, 0, 1, 1, 0, 0]",20,2,4,18,"[[0, 0, 0, 1, 0, 1, 0, 0, 1, 0, 1, 1, 1, 0], [0, 0, 0, 1, 1, 0, 0, 0, 1, 0, 0, 1, 0, 0], [0, 0, 0, 0, 0, 1, 0, 0, 0, 0, 0, 0, 1, 0], [0, 0, 0, 0, 0, 0, 0, 0, 0, 0, 1, 1, 1, 0], [0, 0, 0, 1, 0, 0, 0, 0, 0, 0, 1, 1, 1, 0], [0, 0, 0, 1, 0, 0, 1, 0, 1, 1, 1, 0, 0, 0], [0, 1, 0, 1, 1, 0, 0, 0, 0, 1, 1, 1, 0, 1]]"
9,21,2,"[1, 0, 0]","[0, 1, 0]","[4, 4, 4, 5, 5, 5, 3, 2]",0.47,0.64,"[0.5, 0.1, 0.4]","[0, 0, 0, 0, 0, 1, 1, 1, 0, 1, 0, 0, 0, 1, 1, 0, 1, 0, 0, 1, 1, 0, 0, 0, 1, 0, 0, 0, 0, 0]","[0, 0, 1, 0, 1, 0, 0, 0, 0, 0, 0, 0, 0, 0, 0, 0, 0, 1, 1, 1, 0, 1, 1, 1, 1, 0, 0, 0, 0, 1]",40,3,6,34,"[[0, 0, 0, 0, 1, 1, 1, 0, 1, 0, 1, 1, 0, 1], [0, 0, 0, 0, 1, 1, 0, 0, 1, 0, 1, 1, 1, 0], [1, 0, 1, 1, 1, 1, 0, 0, 0, 0, 0, 1, 1, 0], [1, 0, 1, 0, 1, 0, 1, 0, 0, 1, 1, 1, 0, 0], [0, 1, 0, 1, 0, 0, 0, 0, 0, 1, 0, 0, 1, 0], [0, 0, 0, 0, 1, 1, 1, 1, 0, 1, 0, 0, 1, 0], [1, 0, 1, 1, 1, 1, 1, 0, 0, 1, 1, 1, 0, 1]]"
10,23,4,"[0, 1, 0]","[1, 0, 0]","[4, 2, 1, 2, 5, 3, 5, 3]",0.17,0.52,"[0.3, 0.4, 0.3]","[0, 1, 1, 0, 1, 0, 1, 0, 1, 0, 0, 0, 0, 0, 1, 1, 0, 0, 1, 0, 1, 0, 0, 0, 1, 0, 0, 0, 0, 0]","[0, 0, 1, 0, 0, 1, 0, 0, 0, 1, 0, 0, 0, 1, 1, 0, 1, 1, 0, 0, 1, 1, 0, 0, 1, 0, 0, 0, 0, 0]",30,5,6,46,"[[0, 0, 0, 0, 0, 1, 0, 0, 0, 1, 1, 0, 1, 0], [0, 0, 0, 0, 0, 0, 1, 0, 0, 1, 1, 0, 1, 0], [0, 1, 1, 1, 0, 0, 0, 0, 0, 0, 1, 1, 1, 0], [0, 0, 1, 1, 1, 1, 0, 0, 0, 1, 0, 1, 0, 1], [1, 0, 0, 0, 1, 1, 0, 0, 0, 1, 1, 1, 1, 0], [1, 1, 1, 1, 1, 1, 0, 0, 1, 1, 0, 0, 1, 0], [1, 0, 1, 0, 1, 0, 0, 1, 1, 1, 0, 1, 1, 1]]"
11,19,0,"[1, 0, 0]","[0, 1, 0]","[2, 4, 2, 4, 4, 3, 2, 4]",0.74,0.72,"[0.3, 0.3, 0.4]","[0, 1, 1, 0, 0, 0, 0, 0, 0, 0, 1, 0, 0, 0, 0, 1, 0, 0, 1, 1, 0, 0, 1, 0, 1, 0, 0, 0, 1, 1]","[0, 1, 1, 0, 0, 0, 1, 0, 0, 1, 0, 0, 1, 0, 0, 0, 0, 0, 0, 0, 0, 0, 1, 0, 0, 0, 1, 1, 1, 1]",10,4,5,18,"[[0, 0, 1, 0, 0, 0, 1, 0, 0, 0, 0, 1, 0, 0], [0, 0, 0, 1, 1, 1, 0, 0, 0, 1, 1, 0, 0, 1], [1, 0, 0, 0, 1, 1, 0, 0, 0, 0, 1, 1, 1, 1], [1, 0, 0, 1, 0, 1, 0, 0, 0, 0, 1, 0, 1, 0], [0, 0, 1, 0, 1, 0, 0, 0, 0, 1, 1, 0, 1, 1], [1, 0, 0, 0, 1, 1, 0, 0, 0, 1, 0, 1, 1, 1], [0, 1, 1, 0, 1, 0, 0, 1, 0, 1, 1, 0, 1, 1]]"
12,25,1,"[0, 1, 0]","[1, 0, 0]","[3, 1, 2, 3, 1, 2, 2, 1]",0.97,0.51,"[0.4, 0.1, 0.5]","[0, 1, 0, 0, 1, 0, 0, 0, 0, 1, 1, 0, 0, 0, 0, 0, 1, 0, 0, 0, 0, 1, 0, 1, 1, 1, 0, 0, 1, 0]","[0, 0, 0, 1, 1, 1, 1, 1, 0, 0, 0, 1, 0, 0, 0, 0, 0, 0, 0, 1, 1, 0, 0, 0, 1, 0, 0, 1, 0, 0]",10,2,3,30,"[[1, 0, 0, 0, 0, 1, 0, 0, 0, 1, 0, 1, 1, 1], [1, 1, 0, 1, 1, 0, 0, 0, 1, 1, 1, 0, 1, 1], [0, 1, 0, 1, 1, 0, 1, 0, 0, 1, 0, 1, 1, 0], [0, 1, 0, 1, 1, 1, 0, 0, 0, 0, 0, 1, 1, 1], [0, 0, 0, 1, 0, 0, 0, 0, 0, 1, 0, 1, 1, 0], [0, 0, 1, 1, 1, 1, 1, 1, 1, 1, 1, 1, 1, 0], [1, 0, 1, 0, 1, 1, 1, 0, 0, 1, 1, 1, 1, 1]]"
13,23,1,"[0, 1, 0]","[1, 0, 0]","[3, 4, 4, 5, 1, 1, 5, 4]",0.98,1,"[0.1, 0.5, 0.4]","[1, 0, 0, 0, 0, 1, 0, 0, 0, 1, 0, 1, 1, 1, 1, 0, 0, 0, 1, 1, 1, 0, 0, 0, 0, 0, 0, 0, 0, 0]","[1, 0, 1, 0, 0, 0, 0, 0, 1, 0, 0, 1, 0, 0, 1, 0, 0, 1, 1, 1, 0, 0, 0, 0, 0, 0, 0, 1, 1, 0]",50,2,7,28,"[[0, 0, 0, 1, 1, 0, 0, 0, 0, 0, 1, 0, 1, 1], [1, 0, 1, 1, 0, 0, 1, 0, 1, 0, 1, 0, 1, 0], [0, 0, 0, 1, 0, 0, 1, 1, 0, 0, 1, 0, 1, 0], [0, 0, 0, 1, 0, 0, 0, 0, 0, 0, 0, 1, 1, 0], [0, 0, 0, 0, 1, 1, 0, 0, 1, 1, 1, 1, 0, 0], [0, 1, 0, 1, 1, 1, 0, 1, 0, 1, 1, 1, 1, 1], [0, 1, 0, 1, 1, 0, 0, 1, 0, 1, 1, 1, 1, 0]]"
14,25,1,"[0, 1, 0]","[1, 0, 0]","[3, 5, 5, 5, 3, 5, 5, 3]",0.09,0.55,"[0.2, 0.2, 0.6]","[0, 0, 0, 0, 0, 1, 1, 0, 0, 0, 0, 0, 0, 1, 0, 0, 0, 1, 0, 1, 1, 1, 0, 0, 1, 0, 0, 1, 1, 0]","[0, 0, 0, 0, 0, 0, 1, 1, 0, 1, 0, 0, 0, 1, 0, 0, 1, 1, 0, 0, 1, 0, 0, 1, 1, 1, 0, 0, 0, 0]",30,3,4,14,"[[0, 0, 0, 1, 0, 1, 0, 0, 1, 1, 0, 0, 1, 0], [0, 1, 0, 1, 0, 1, 0, 1, 1, 0, 0, 0, 1, 1], [0, 0, 0, 1, 0, 0, 0, 0, 0, 0, 0, 1, 1, 1], [0, 0, 0, 1, 0, 0, 0, 0, 1, 1, 0, 1, 1, 0], [0, 0, 0, 0, 1, 0, 0, 0, 0, 0, 1, 0, 1, 0], [0, 0, 1, 1, 1, 1, 0, 0, 0, 1, 1, 1, 1, 1], [1, 1, 1, 1, 1, 1, 0, 0, 0, 0, 0, 0, 0, 0]]"
15,22,0,"[1, 0, 0]","[0, 1, 0]","[4, 5, 2, 1, 2, 2, 5, 4]",0.13,0.66,"[0.6, 0.4, 0]","[0, 1, 0, 0, 1, 0, 1, 0, 1, 0, 0, 1, 0, 1, 0, 1, 0, 0, 1, 0, 0, 0, 0, 0, 1, 0, 0, 1, 0, 0]","[0, 0, 1, 1, 0, 0, 0, 1, 0, 1, 0, 1, 0, 1, 0, 0, 0, 0, 1, 0, 1, 0, 1, 0, 0, 0, 1, 0, 0, 0]",50,2,3,38,"[[0, 0, 0, 1, 0, 0, 0, 0, 0, 0, 0, 1, 1, 1], [0, 1, 0, 1, 1, 1, 0, 1, 0, 0, 1, 1, 1, 0], [0, 1, 0, 1, 1, 1, 0, 0, 0, 1, 1, 1, 1, 0], [0, 0, 0, 1, 1, 1, 0, 0, 0, 1, 0, 1, 0, 0], [0, 0, 0, 0, 0, 0, 1, 0, 0, 1, 0, 1, 0, 1], [0, 0, 0, 1, 0, 1, 1, 0, 1, 1, 1, 0, 1, 0], [1, 1, 0, 1, 1, 0, 0, 0, 1, 1, 1, 1, 1, 1]]"
16,23,2,"[0, 1, 0]","[1, 0, 0]","[5, 2, 4, 5, 2, 3, 2, 1]",0.44,0.92,"[0.4, 0.3, 0.3]","[1, 0, 0, 0, 1, 0, 0, 0, 1, 1, 0, 0, 0, 1, 0, 1, 0, 0, 0, 1, 1, 0, 1, 0, 0, 1, 0, 0, 0, 0]","[0, 0, 1, 1, 1, 0, 1, 0, 1, 1, 0, 0, 1, 0, 0, 1, 0, 0, 0, 0, 0, 0, 0, 0, 0, 0, 1, 0, 1, 0]",60,1,6,24,"[[0, 0, 0, 0, 0, 0, 0, 0, 1, 0, 0, 1, 0, 0], [0, 0, 0, 1, 1, 1, 0, 0, 0, 1, 1, 1, 1, 0], [0, 0, 0, 1, 0, 0, 0, 0, 1, 0, 0, 1, 1, 0], [0, 0, 0, 1, 0, 1, 1, 0, 0, 0, 0, 0, 0, 0], [0, 0, 0, 0, 0, 0, 1, 0, 0, 1, 1, 0, 0, 0], [0, 0, 1, 1, 1, 1, 0, 1, 1, 1, 0, 1, 1, 1], [0, 0, 0, 1, 1, 0, 1, 1, 0, 1, 0, 0, 0, 0]]"
17,20,3,"[1, 0, 0]","[0, 1, 0]","[5, 3, 5, 4, 2, 1, 3, 3]",0.25,0.6,"[0.3, 0.5, 0.2]","[0, 0, 0, 1, 0, 0, 1, 1, 1, 0, 0, 0, 1, 0, 1, 1, 0, 0, 1, 1, 0, 0, 0, 0, 0, 1, 0, 0, 0, 0]","[0, 1, 0, 1, 1, 0, 0, 0, 1, 0, 0, 1, 0, 0, 1, 0, 0, 1, 0, 0, 0, 0, 0, 1, 1, 0, 1, 0, 0, 0]",10,1,2,31,"[[0, 1, 0, 1, 0, 0, 0, 0, 0, 0, 1, 1, 0, 0], [1, 0, 1, 1, 1, 0, 0, 1, 0, 1, 0, 1, 0, 1], [1, 0, 1, 1, 0, 0, 0, 1, 0, 1, 1, 1, 1, 0], [1, 0, 0, 1, 1, 1, 0, 0, 0, 0, 1, 1, 1, 0], [0, 0, 0, 1, 0, 1, 1, 0, 0, 0, 1, 1, 1, 0], [0, 0, 0, 1, 1, 1, 0, 0, 0, 1, 1, 0, 1, 1], [0, 1, 1, 1, 1, 1, 1, 1, 1, 1, 1, 1, 1, 0]]"
18,20,2,"[0, 1, 0]","[1, 0, 0]","[2, 2, 2, 2, 4, 4, 1, 2]",0.95,0.92,"[0.5, 0.1, 0.4]","[0, 1, 0, 0, 0, 1, 0, 0, 0, 1, 1, 0, 1, 0, 0, 1, 0, 0, 1, 1, 0, 1, 0, 0, 0, 0, 0, 0, 1, 0]","[1, 0, 0, 0, 0, 0, 0, 1, 1, 0, 1, 1, 0, 1, 0, 0, 0, 0, 0, 1, 0, 0, 0, 1, 0, 0, 1, 1, 0, 0]",30,3,5,7,"[[0, 0, 0, 1, 1, 0, 0, 0, 0, 0, 1, 1, 1, 1], [0, 0, 1, 0, 0, 1, 0, 0, 1, 0, 1, 1, 1, 0], [0, 0, 0, 1, 1, 0, 1, 0, 0, 0, 1, 1, 0, 1], [0, 0, 0, 1, 1, 0, 0, 0, 1, 0, 1, 0, 1, 1], [1, 0, 0, 1, 0, 0, 0, 0, 0, 1, 1, 0, 1, 1], [0, 0, 0, 1, 1, 1, 0, 0, 1, 1, 1, 1, 1, 1], [0, 1, 0, 1, 1, 1, 0, 0, 0, 0, 1, 1, 1, 1]]"
19,23,4,"[1, 0, 0]","[0, 1, 0]","[5, 2, 4, 5, 3, 4, 3, 3]",0.7,0.89,"[0.3, 0.3, 0.4]","[1, 1, 0, 0, 0, 0, 0, 0, 0, 0, 0, 1, 0, 0, 0, 0, 0, 0, 0, 0, 1, 1, 1, 0, 1, 0, 1, 1, 0, 1]","[1, 1, 0, 0, 0, 1, 0, 1, 0, 0, 0, 0, 0, 1, 0, 0, 1, 0, 1, 0, 0, 0, 0, 1, 0, 0, 0, 1, 1, 0]",80,3,4,32,"[[0, 0, 0, 0, 1, 1, 0, 0, 0, 1, 0, 0, 1, 1], [0, 1, 0, 0, 1, 1, 0, 0, 1, 1, 1, 1, 1, 0], [1, 0, 0, 0, 1, 0, 0, 1, 0, 0, 1, 0, 1, 1], [0, 0, 0, 0, 1, 1, 0, 0, 1, 1, 0, 1, 1, 1], [1, 1, 1, 1, 0, 0, 0, 0, 0, 1, 0, 1, 0, 1], [1, 1, 1, 1, 1, 1, 1, 0, 1, 1, 1, 1, 1, 1], [0, 0, 0, 1, 1, 1, 0, 0, 0, 1, 1, 0, 1, 0]]"
20,26,3,"[1, 0, 0]","[0, 1, 0]","[5, 1, 1, 4, 1, 5, 5, 3]",0.2,0.65,"[0.5, 0.3, 0.2]","[0, 0, 0, 0, 1, 0, 0, 1, 0, 1, 0, 0, 0, 0, 1, 0, 0, 0, 0, 1, 0, 1, 0, 0, 1, 0, 1, 1, 1, 0]","[0, 1, 1, 1, 1, 0, 0, 0, 0, 0, 1, 0, 0, 0, 1, 1, 1, 0, 0, 0, 0, 0, 1, 0, 0, 0, 0, 1, 0, 0]",60,3,4,29,"[[0, 1, 0, 1, 1, 1, 0, 0, 0, 1, 0, 1, 1, 1], [0, 1, 0, 1, 1, 0, 1, 0, 0, 1, 0, 1, 1, 1], [1, 1, 1, 1, 1, 1, 0, 0, 0, 1, 0, 1, 0, 0], [1, 0, 0, 0, 0, 1, 0, 0, 0, 1, 0, 1, 1, 0], [0, 1, 0, 0, 0, 0, 0, 0, 0, 0, 1, 1, 1, 1], [0, 1, 0, 1, 0, 1, 0, 1, 0, 1, 1, 1, 1, 1], [0, 0, 0, 1, 0, 0, 1, 0, 0, 1, 0, 0, 0, 1]]"
21,24,2,"[0, 1, 0]","[1, 0, 0]","[4, 1, 3, 2, 5, 5, 4, 5]",0.07,0.81,"[0.3, 0.7, 0]","[0, 0, 0, 0, 1, 1, 0, 0, 0, 0, 0, 0, 1, 0, 0, 0, 0, 1, 1, 0, 1, 0, 1, 0, 0, 1, 1, 0, 0, 1]","[0, 0, 1, 1, 0, 1, 0, 0, 1, 0, 1, 0, 0, 1, 0, 1, 0, 0, 0, 0, 1, 0, 0, 1, 0, 0, 1, 0, 0, 0]",40,2,3,47,"[[0, 0, 0, 1, 0, 1, 0, 1, 0, 0, 0, 1, 1, 1], [0, 1, 0, 0, 1, 1, 0, 0, 0, 1, 1, 1, 0, 1], [0, 0, 0, 1, 1, 0, 1, 0, 0, 0, 1, 0, 0, 1], [0, 0, 1, 0, 0, 1, 1, 1, 0, 0, 1, 0, 1, 1], [0, 1, 0, 1, 0, 1, 0, 0, 0, 0, 1, 1, 1, 0], [0, 1, 0, 1, 1, 1, 1, 0, 1, 1, 1, 1, 1, 1], [1, 1, 1, 1, 1, 1, 0, 0, 1, 1, 0, 0, 1, 1]]"
22,26,2,"[0, 1, 0]","[1, 0, 0]","[5, 1, 3, 1, 5, 3, 1, 2]",0.05,0.77,"[0.3, 0.5, 0.2]","[1, 0, 0, 0, 0, 1, 1, 0, 1, 0, 1, 0, 1, 0, 0, 0, 1, 0, 0, 0, 0, 0, 0, 1, 0, 0, 1, 0, 1, 0]","[1, 1, 0, 0, 0, 0, 0, 0, 1, 1, 1, 1, 0, 0, 1, 0, 1, 1, 0, 0, 0, 0, 1, 0, 0, 0, 0, 0, 0, 0]",60,1,1,23,"[[0, 1, 0, 0, 1, 1, 0, 1, 1, 1, 0, 0, 1, 1], [0, 0, 0, 1, 1, 1, 1, 0, 0, 0, 1, 1, 1, 1], [0, 0, 0, 0, 1, 0, 0, 1, 0, 0, 0, 1, 1, 1], [0, 0, 0, 0, 0, 1, 0, 0, 0, 0, 1, 1, 1, 0], [0, 0, 0, 1, 0, 1, 0, 0, 0, 0, 1, 1, 1, 1], [1, 1, 1, 1, 1, 1, 1, 1, 1, 1, 0, 0, 1, 1], [0, 1, 0, 1, 1, 1, 0, 1, 1, 1, 1, 1, 1, 0]]"
23,24,1,"[1, 0, 0]","[0, 1, 0]","[3, 2, 3, 5, 2, 2, 2, 5]",0.96,0.61,"[0.2, 0.4, 0.4]","[0, 1, 0, 0, 0, 1, 0, 1, 0, 1, 0, 1, 0, 1, 0, 0, 0, 1, 0, 1, 1, 0, 0, 0, 0, 0, 0, 0, 0, 1]","[0, 0, 0, 0, 0, 0, 0, 0, 0, 0, 1, 0, 1, 1, 1, 1, 0, 0, 0, 0, 1, 1, 0, 0, 0, 1, 1, 1, 0, 0]",40,2,4,31,"[[0, 0, 0, 1, 1, 0, 0, 0, 0, 1, 0, 1, 0, 1], [0, 0, 0, 1, 0, 0, 0, 1, 0, 0, 0, 1, 0, 1], [0, 0, 0, 0, 0, 1, 0, 1, 0, 1, 1, 1, 1, 0], [0, 0, 1, 0, 1, 0, 0, 1, 0, 0, 1, 0, 0, 0], [0, 1, 0, 1, 1, 1, 0, 0, 0, 0, 1, 0, 0, 1], [1, 0, 0, 0, 0, 1, 0, 1, 0, 0, 1, 1, 1, 1], [1, 1, 0, 1, 1, 1, 1, 1, 1, 1, 1, 1, 1, 1]]"
24,22,2,"[1, 0, 0]","[0, 1, 0]","[2, 3, 4, 2, 5, 3, 2, 1]",0.63,0.66,"[0.4, 0.4, 0.2]","[0, 1, 0, 0, 1, 1, 0, 0, 0, 1, 0, 0, 0, 1, 1, 0, 0, 0, 1, 1, 0, 0, 0, 1, 0, 1, 0, 0, 0, 0]","[1, 0, 1, 0, 1, 0, 1, 0, 0, 0, 1, 0, 0, 0, 0, 0, 1, 1, 1, 0, 0, 0, 0, 1, 0, 0, 1, 0, 0, 0]",60,5,7,30,"[[1, 0, 0, 0, 1, 0, 1, 0, 0, 1, 0, 0, 0, 0], [0, 0, 0, 1, 0, 0, 0, 0, 0, 1, 0, 1, 1, 1], [1, 0, 0, 1, 0, 1, 0, 0, 1, 1, 1, 1, 0, 1], [0, 0, 0, 0, 0, 0, 1, 0, 0, 1, 1, 1, 1, 0], [0, 0, 0, 1, 1, 1, 0, 0, 1, 1, 1, 1, 1, 1], [0, 1, 0, 1, 1, 1, 0, 1, 1, 1, 1, 1, 1, 0], [0, 0, 0, 1, 1, 0, 0, 1, 0, 1, 1, 1, 1, 0]]"
25,22,2,"[1, 0, 0]","[0, 1, 0]","[3, 3, 2, 2, 3, 2, 4, 3]",0.35,0.72,"[0.4, 0.2, 0.4]","[0, 0, 1, 0, 1, 1, 0, 0, 0, 0, 0, 0, 0, 0, 1, 1, 0, 0, 1, 0, 0, 0, 1, 0, 1, 0, 0, 0, 1, 1]","[0, 0, 0, 0, 0, 0, 1, 1, 1, 0, 0, 0, 1, 0, 0, 1, 1, 0, 0, 0, 0, 0, 1, 0, 0, 1, 0, 1, 0, 1]",30,4,5,30,"[[0, 0, 0, 1, 1, 1, 0, 0, 0, 1, 0, 1, 0, 0], [0, 0, 0, 1, 0, 1, 0, 0, 0, 1, 1, 1, 1, 0], [0, 0, 0, 0, 0, 0, 0, 1, 0, 0, 1, 1, 0, 0], [0, 0, 1, 0, 0, 0, 0, 1, 0, 1, 1, 0, 1, 0], [0, 1, 1, 1, 0, 1, 0, 1, 0, 0, 1, 1, 0, 1], [0, 0, 0, 1, 1, 1, 0, 1, 0, 1, 0, 1, 1, 0], [1, 0, 1, 1, 1, 1, 0, 1, 1, 1, 0, 1, 1, 1]]"
26,21,4,"[0, 1, 0]","[1, 0, 0]","[4, 5, 2, 5, 4, 4, 2, 2]",0.15,0.84,"[0.3, 0.5, 0.2]","[1, 0, 0, 1, 0, 1, 0, 0, 1, 0, 0, 0, 1, 0, 1, 0, 0, 0, 1, 0, 0, 0, 0, 0, 1, 0, 1, 0, 0, 1]","[0, 0, 0, 0, 0, 0, 0, 1, 1, 1, 0, 0, 0, 0, 1, 0, 0, 0, 1, 0, 0, 1, 1, 0, 0, 0, 1, 1, 1, 0]",50,1,4,20,"[[0, 0, 0, 1, 1, 0, 0, 0, 1, 0, 1, 1, 1, 1], [1, 1, 0, 0, 1, 1, 0, 0, 1, 0, 0, 1, 1, 0], [0, 0, 0, 0, 1, 1, 0, 1, 0, 1, 0, 0, 1, 0], [0, 0, 0, 0, 0, 0, 0, 0, 0, 1, 0, 0, 1, 0], [0, 1, 0, 1, 1, 1, 0, 0, 0, 1, 1, 0, 1, 1], [1, 0, 1, 1, 1, 1, 0, 0, 1, 0, 1, 1, 1, 1], [0, 1, 1, 0, 1, 1, 1, 1, 0, 1, 1, 0, 1, 1]]"
27,24,1,"[0, 1, 0]","[1, 0, 0]","[3, 5, 4, 5, 3, 3, 3, 2]",0.78,0.49,"[0.3, 0.4, 0.3]","[0, 1, 0, 0, 1, 0, 1, 0, 1, 0, 0, 0, 0, 1, 0, 1, 0, 1, 0, 0, 0, 0, 0, 0, 1, 0, 0, 0, 1, 1]","[0, 0, 0, 0, 1, 0, 1, 0, 0, 1, 0, 1, 1, 1, 0, 0, 0, 0, 0, 0, 0, 1, 0, 0, 0, 1, 0, 1, 0, 1]",20,2,6,39,"[[0, 0, 0, 1, 0, 0, 0, 0, 0, 0, 1, 1, 0, 0], [1, 0, 0, 0, 0, 1, 0, 0, 0, 0, 0, 1, 1, 0], [0, 0, 0, 0, 1, 0, 1, 0, 0, 0, 0, 1, 1, 0], [0, 1, 0, 0, 0, 1, 0, 0, 0, 1, 1, 1, 0, 0], [0, 0, 0, 1, 1, 0, 1, 0, 0, 1, 1, 1, 1, 0], [0, 1, 0, 1, 1, 1, 0, 1, 0, 1, 0, 0, 1, 1], [0, 1, 0, 0, 1, 1, 0, 0, 1, 1, 1, 1, 1, 1]]"
28,21,2,"[1, 0, 0]","[0, 1, 0]","[3, 3, 3, 4, 1, 4, 2, 1]",0.73,0.69,"[0.6, 0.3, 0.1]","[0, 0, 0, 0, 0, 1, 0, 0, 1, 0, 0, 0, 1, 1, 1, 1, 0, 1, 0, 0, 1, 0, 0, 1, 1, 0, 0, 0, 0, 0]","[0, 1, 0, 0, 1, 0, 1, 1, 0, 0, 1, 1, 0, 1, 0, 0, 0, 0, 0, 1, 1, 0, 0, 0, 0, 0, 0, 1, 0, 0]",10,2,6,9,"[[0, 0, 0, 1, 0, 1, 0, 0, 0, 0, 0, 1, 1, 1], [0, 0, 1, 0, 0, 1, 1, 0, 1, 0, 1, 0, 1, 1], [0, 0, 0, 1, 0, 1, 0, 0, 0, 1, 1, 0, 1, 0], [1, 0, 0, 0, 1, 0, 0, 0, 0, 1, 0, 1, 1, 0], [0, 0, 0, 1, 0, 0, 0, 0, 0, 0, 0, 1, 1, 0], [0, 0, 0, 1, 1, 1, 1, 1, 1, 1, 1, 1, 1, 0], [1, 1, 1, 1, 1, 1, 0, 1, 1, 1, 0, 1, 1, 0]]"
29,23,1,"[1, 0, 0]","[0, 1, 0]","[4, 5, 4, 4, 3, 4, 3, 4]",0.86,0.73,"[0.4, 0.4, 0.2]","[0, 0, 0, 1, 0, 0, 0, 1, 0, 0, 0, 0, 0, 0, 1, 1, 1, 0, 0, 1, 1, 0, 1, 0, 0, 0, 1, 0, 0, 1]","[0, 0, 1, 0, 1, 0, 0, 0, 1, 0, 0, 1, 0, 0, 1, 0, 0, 1, 1, 0, 0, 0, 1, 0, 0, 1, 0, 0, 1, 0]",30,5,6,23,"[[0, 0, 0, 1, 1, 1, 0, 0, 0, 0, 1, 1, 1, 0], [0, 0, 1, 1, 0, 1, 0, 0, 0, 1, 1, 1, 0, 1], [0, 0, 1, 0, 0, 1, 0, 0, 0, 0, 0, 0, 1, 0], [1, 0, 0, 1, 0, 0, 0, 0, 0, 0, 0, 1, 1, 0], [1, 0, 1, 0, 0, 1, 1, 0, 1, 0, 0, 1, 1, 0], [1, 0, 1, 1, 1, 1, 0, 1, 1, 0, 1, 1, 1, 0], [0, 0, 1, 0, 1, 0, 0, 0, 0, 1, 0, 1, 0, 1]]"
30,25,2,"[1, 0, 0]","[0, 1, 0]","[5, 4, 1, 2, 2, 5, 3, 5]",0,0.63,"[0.4, 0.3, 0.3]","[0, 0, 0, 0, 1, 1, 1, 0, 0, 0, 1, 0, 0, 1, 0, 0, 1, 0, 0, 0, 0, 0, 0, 1, 0, 0, 1, 1, 0, 1]","[1, 0, 0, 1, 1, 0, 0, 0, 0, 0, 1, 0, 1, 0, 1, 0, 0, 0, 0, 0, 0, 1, 0, 0, 0, 1, 1, 0, 0, 1]",60,3,4,32,"[[0, 0, 0, 1, 0, 0, 0, 0, 0, 1, 0, 1, 1, 1], [0, 0, 0, 1, 0, 0, 1, 0, 1, 0, 1, 0, 1, 0], [0, 0, 0, 0, 1, 1, 0, 0, 0, 1, 0, 1, 0, 0], [0, 0, 0, 1, 0, 0, 0, 0, 1, 1, 0, 1, 0, 0], [1, 1, 0, 1, 0, 1, 0, 0, 0, 1, 1, 0, 1, 0], [1, 0, 1, 0, 1, 1, 1, 0, 0, 0, 1, 1, 0, 1], [0, 1, 1, 1, 1, 0, 0, 1, 0, 1, 1, 0, 1, 0]]"
31,26,2,"[0, 1, 0]","[1, 0, 0]","[4, 4, 1, 1, 4, 1, 1, 2]",0.54,0.61,"[0.1, 0.5, 0.4]","[1, 0, 0, 0, 0, 0, 0, 0, 1, 0, 1, 1, 1, 0, 0, 0, 0, 0, 1, 0, 1, 0, 1, 0, 0, 0, 0, 1, 0, 1]","[0, 1, 0, 0, 0, 1, 0, 1, 0, 1, 0, 0, 0, 0, 0, 1, 1, 1, 0, 0, 0, 0, 0, 0, 1, 1, 0, 0, 0, 1]",30,4,5,32,"[[0, 1, 0, 1, 1, 1, 0, 0, 0, 1, 1, 1, 1, 0], [0, 0, 1, 0, 0, 1, 0, 0, 0, 1, 1, 1, 0, 0], [0, 0, 0, 0, 0, 0, 0, 0, 0, 0, 0, 1, 0, 0], [0, 0, 0, 0, 1, 0, 0, 0, 0, 1, 1, 0, 1, 0], [0, 0, 0, 1, 1, 0, 0, 0, 0, 0, 0, 0, 0, 0], [1, 1, 0, 1, 1, 1, 1, 1, 0, 1, 1, 1, 1, 0], [1, 1, 1, 1, 1, 1, 0, 1, 1, 0, 1, 1, 1, 0]]"
32,24,2,"[0, 1, 0]","[1, 0, 0]","[2, 4, 5, 2, 4, 5, 2, 1]",0.76,0.47,"[0.2, 0.3, 0.5]","[1, 1, 0, 0, 0, 1, 1, 0, 0, 0, 1, 0, 0, 0, 0, 0, 0, 0, 1, 0, 0, 0, 0, 1, 0, 0, 0, 1, 1, 1]","[0, 0, 1, 1, 0, 0, 0, 1, 1, 0, 0, 0, 0, 1, 0, 0, 1, 0, 0, 1, 0, 1, 0, 0, 0, 0, 0, 0, 1, 1]",20,1,4,36,"[[0, 0, 0, 1, 0, 0, 1, 0, 1, 1, 0, 0, 1, 1], [0, 0, 0, 1, 1, 0, 0, 0, 0, 1, 0, 0, 1, 1], [0, 0, 1, 0, 0, 1, 0, 0, 0, 0, 1, 1, 1, 1], [1, 0, 1, 0, 1, 1, 0, 0, 0, 1, 0, 1, 1, 1], [1, 0, 0, 0, 0, 1, 0, 1, 0, 1, 1, 1, 0, 1], [1, 1, 1, 1, 1, 1, 1, 1, 1, 1, 1, 1, 1, 1], [0, 0, 1, 1, 1, 1, 0, 1, 0, 0, 0, 1, 1, 0]]"
33,19,0,"[0, 1, 0]","[1, 0, 0]","[1, 4, 5, 5, 5, 3, 1, 3]",0.61,0.52,"[0.5, 0.4, 0.1]","[1, 0, 1, 0, 0, 0, 0, 0, 0, 1, 0, 1, 0, 0, 1, 0, 1, 0, 1, 0, 0, 0, 0, 1, 0, 0, 0, 1, 0, 1]","[0, 0, 0, 1, 1, 0, 0, 1, 0, 0, 0, 0, 1, 1, 0, 0, 0, 1, 1, 0, 0, 1, 1, 1, 0, 0, 0, 0, 0, 0]",20,2,3,29,"[[0, 0, 0, 0, 0, 1, 0, 0, 0, 0, 0, 0, 0, 0], [0, 0, 0, 0, 1, 0, 0, 0, 0, 0, 1, 0, 1, 0], [0, 1, 0, 0, 1, 1, 1, 0, 0, 0, 1, 1, 0, 0], [0, 0, 1, 1, 0, 0, 0, 0, 0, 0, 1, 1, 0, 0], [0, 1, 0, 0, 1, 0, 1, 1, 0, 0, 0, 1, 0, 0], [0, 0, 1, 1, 1, 1, 1, 0, 0, 1, 1, 1, 0, 0], [0, 1, 1, 1, 1, 1, 1, 1, 0, 1, 1, 1, 1, 0]]"
34,19,2,"[1, 0, 0]","[0, 1, 0]","[2, 3, 4, 3, 5, 2, 2, 4]",0.66,0.73,"[0.5, 0.1, 0.4]","[0, 0, 0, 0, 0, 0, 1, 1, 1, 0, 0, 0, 0, 0, 0, 1, 0, 0, 0, 0, 0, 1, 1, 1, 0, 1, 1, 1, 0, 0]","[0, 1, 1, 1, 0, 0, 0, 0, 0, 0, 0, 0, 1, 0, 1, 0, 0, 0, 1, 1, 0, 1, 0, 0, 1, 0, 0, 0, 0, 1]",30,5,6,40,"[[1, 0, 0, 0, 1, 1, 0, 0, 0, 0, 0, 1, 1, 0], [0, 0, 0, 1, 0, 0, 0, 0, 0, 1, 1, 0, 1, 1], [1, 0, 0, 1, 0, 1, 0, 0, 0, 0, 0, 0, 1, 0], [0, 0, 1, 0, 1, 1, 0, 0, 0, 1, 1, 1, 1, 0], [0, 0, 0, 0, 1, 0, 0, 0, 0, 0, 1, 1, 1, 0], [1, 1, 1, 1, 0, 0, 0, 0, 1, 1, 1, 1, 1, 1], [0, 1, 1, 1, 0, 1, 1, 1, 1, 0, 0, 1, 1, 1]]"
35,21,2,"[0, 1, 0]","[1, 0, 0]","[5, 3, 2, 4, 2, 2, 4, 5]",0.16,0.84,"[0.4, 0.2, 0.4]","[1, 1, 1, 0, 1, 0, 0, 0, 1, 1, 0, 1, 0, 0, 0, 1, 0, 1, 0, 0, 1, 0, 0, 0, 0, 0, 0, 0, 0, 0]","[1, 1, 0, 1, 1, 0, 1, 1, 1, 0, 0, 0, 0, 0, 0, 1, 0, 1, 0, 0, 0, 0, 0, 0, 0, 1, 0, 0, 0, 0]",20,3,6,24,"[[1, 1, 0, 0, 0, 1, 1, 0, 1, 1, 1, 0, 1, 1], [1, 1, 0, 1, 1, 0, 0, 0, 0, 1, 1, 1, 1, 0], [0, 0, 0, 0, 1, 1, 0, 0, 0, 1, 1, 1, 0, 1], [0, 0, 0, 0, 0, 0, 0, 0, 0, 1, 0, 1, 1, 0], [0, 0, 0, 0, 1, 1, 0, 0, 0, 0, 1, 1, 1, 0], [1, 0, 1, 1, 1, 0, 0, 0, 1, 1, 1, 0, 0, 0], [0, 0, 1, 1, 0, 1, 1, 1, 1, 1, 1, 1, 1, 0]]"
36,20,4,"[0, 1, 0]","[1, 0, 0]","[2, 5, 1, 2, 3, 3, 2, 1]",0.15,0.72,"[0.6, 0.4, 0]","[0, 0, 0, 0, 0, 0, 0, 0, 1, 0, 1, 0, 1, 0, 0, 1, 0, 1, 1, 0, 0, 0, 0, 1, 1, 1, 0, 0, 1, 0]","[0, 1, 1, 0, 1, 0, 1, 0, 1, 0, 1, 0, 0, 0, 0, 0, 1, 0, 1, 0, 0, 0, 0, 0, 1, 0, 1, 0, 0, 0]",40,2,5,15,"[[0, 0, 1, 1, 0, 0, 0, 0, 0, 0, 0, 1, 1, 0], [0, 0, 1, 0, 0, 0, 0, 0, 0, 1, 0, 1, 1, 0], [0, 0, 0, 1, 1, 0, 0, 0, 0, 0, 0, 0, 1, 0], [0, 1, 0, 1, 1, 1, 0, 0, 0, 0, 1, 1, 1, 0], [1, 0, 0, 0, 0, 0, 0, 0, 0, 1, 0, 1, 1, 1], [1, 1, 1, 1, 1, 1, 0, 1, 0, 0, 1, 1, 1, 0], [1, 0, 0, 1, 1, 1, 0, 1, 0, 1, 1, 0, 0, 1]]"
37,26,3,"[0, 1, 0]","[1, 0, 0]","[2, 3, 2, 4, 4, 2, 3, 2]",0.15,0.51,"[0.2, 0.4, 0.4]","[0, 0, 1, 1, 0, 0, 0, 1, 1, 0, 1, 1, 0, 0, 0, 1, 0, 0, 0, 1, 0, 1, 1, 0, 0, 0, 0, 0, 0, 0]","[1, 0, 0, 0, 0, 0, 0, 0, 1, 0, 0, 1, 0, 0, 0, 0, 1, 0, 1, 1, 0, 0, 1, 0, 1, 0, 0, 1, 1, 0]",30,2,6,19,"[[0, 0, 0, 1, 1, 1, 0, 0, 0, 0, 1, 1, 1, 0], [0, 1, 1, 0, 1, 1, 0, 0, 0, 1, 1, 1, 1, 0], [0, 0, 1, 1, 1, 1, 0, 0, 0, 1, 1, 1, 1, 0], [0, 0, 0, 1, 1, 1, 1, 0, 0, 0, 0, 1, 1, 0], [0, 0, 0, 0, 0, 1, 0, 0, 0, 1, 1, 1, 1, 0], [1, 1, 1, 0, 1, 1, 1, 0, 0, 1, 0, 0, 1, 1], [1, 1, 1, 1, 1, 1, 1, 1, 1, 0, 0, 1, 1, 0]]"
38,24,3,"[1, 0, 0]","[0, 1, 0]","[4, 1, 4, 2, 5, 5, 2, 4]",0.68,0.84,"[0.2, 0.4, 0.4]","[0, 1, 0, 1, 0, 1, 0, 0, 0, 0, 1, 0, 1, 0, 0, 0, 0, 1, 0, 0, 1, 0, 0, 0, 1, 0, 1, 0, 0, 1]","[0, 1, 0, 0, 0, 0, 1, 0, 0, 0, 1, 1, 1, 1, 1, 0, 0, 1, 0, 1, 0, 0, 0, 1, 0, 0, 0, 0, 0, 0]",30,2,7,7,"[[0, 1, 0, 1, 0, 0, 0, 0, 0, 0, 0, 1, 1, 0], [0, 0, 0, 0, 1, 0, 0, 0, 0, 0, 1, 1, 1, 0], [0, 0, 0, 0, 0, 0, 0, 0, 0, 0, 1, 1, 1, 0], [0, 0, 0, 1, 0, 1, 0, 0, 0, 1, 1, 1, 0, 1], [0, 0, 0, 0, 1, 1, 0, 0, 0, 0, 1, 1, 1, 1], [1, 0, 0, 1, 1, 1, 0, 1, 1, 1, 1, 1, 1, 1], [0, 1, 1, 1, 1, 1, 0, 0, 0, 0, 1, 1, 1, 0]]"
39,20,2,"[1, 0, 0]","[0, 1, 0]","[5, 5, 5, 2, 4, 5, 1, 1]",0.57,0.93,"[0.1, 0.3, 0.6]","[1, 1, 0, 0, 0, 1, 0, 0, 0, 1, 1, 0, 1, 0, 0, 0, 1, 0, 0, 0, 0, 0, 1, 0, 0, 0, 1, 0, 1, 0]","[1, 0, 1, 0, 0, 0, 0, 0, 1, 0, 1, 1, 0, 0, 0, 0, 1, 0, 0, 0, 0, 0, 1, 0, 0, 1, 1, 0, 1, 0]",10,5,6,48,"[[0, 0, 0, 1, 0, 0, 0, 0, 0, 0, 0, 1, 0, 1], [0, 1, 0, 1, 0, 1, 0, 1, 1, 1, 1, 1, 0, 1], [0, 0, 0, 0, 0, 1, 0, 0, 0, 0, 1, 1, 1, 1], [0, 0, 1, 0, 1, 1, 0, 0, 0, 0, 1, 1, 1, 0], [0, 0, 0, 1, 0, 0, 0, 0, 0, 1, 0, 0, 1, 0], [0, 0, 1, 0, 1, 1, 0, 0, 0, 1, 1, 1, 1, 1], [0, 1, 1, 1, 0, 1, 0, 0, 1, 1, 0, 1, 0, 0]]"
40,20,3,"[1, 0, 0]","[0, 1, 0]","[1, 4, 5, 4, 5, 4, 1, 1]",0.3,0.86,"[0.2, 0.6, 0.2]","[0, 0, 0, 0, 0, 1, 1, 0, 0, 0, 0, 0, 0, 0, 1, 0, 1, 1, 0, 1, 0, 1, 0, 0, 0, 1, 0, 0, 1, 1]","[1, 0, 1, 0, 1, 1, 0, 0, 1, 0, 0, 0, 0, 1, 0, 0, 0, 0, 0, 0, 1, 0, 0, 0, 1, 0, 0, 1, 0, 1]",20,2,3,37,"[[1, 1, 0, 0, 1, 1, 1, 0, 0, 1, 1, 1, 0, 1], [0, 0, 1, 0, 1, 0, 0, 0, 0, 0, 1, 1, 1, 0], [0, 0, 0, 0, 0, 1, 0, 0, 0, 1, 0, 0, 1, 1], [0, 0, 1, 0, 0, 0, 0, 0, 0, 1, 0, 1, 0, 1], [0, 1, 0, 0, 0, 1, 1, 0, 0, 1, 0, 1, 1, 0], [0, 1, 1, 0, 0, 0, 1, 1, 0, 1, 1, 1, 0, 0], [1, 0, 0, 1, 0, 1, 1, 1, 1, 1, 1, 0, 1, 1]]"
41,25,4,"[0, 1, 0]","[1, 0, 0]","[5, 4, 4, 3, 2, 3, 4, 2]",0.18,0.88,"[0.1, 0.4, 0.5]","[1, 1, 0, 1, 0, 0, 1, 0, 1, 1, 1, 0, 0, 0, 0, 1, 0, 1, 0, 0, 0, 0, 1, 0, 0, 0, 0, 0, 0, 0]","[1, 0, 0, 0, 0, 0, 0, 0, 0, 0, 1, 0, 0, 0, 1, 0, 0, 0, 1, 0, 0, 0, 0, 1, 1, 0, 1, 1, 1, 1]",30,2,2,18,"[[0, 1, 0, 1, 0, 0, 0, 0, 0, 0, 0, 1, 0, 0], [0, 0, 0, 1, 1, 1, 0, 0, 0, 0, 1, 0, 1, 0], [0, 0, 0, 0, 1, 0, 0, 0, 0, 1, 1, 1, 1, 0], [0, 0, 0, 0, 1, 0, 1, 0, 0, 0, 1, 1, 1, 0], [0, 0, 0, 1, 0, 1, 1, 0, 0, 1, 1, 1, 1, 0], [1, 1, 0, 1, 1, 1, 1, 0, 1, 0, 1, 1, 1, 0], [0, 1, 0, 1, 1, 1, 0, 1, 0, 1, 1, 0, 1, 0]]"
42,25,3,"[1, 0, 0]","[0, 1, 0]","[1, 3, 2, 2, 2, 3, 5, 5]",0.97,0.77,"[0.1, 0.2, 0.7]","[1, 0, 0, 0, 1, 1, 0, 1, 0, 0, 0, 1, 0, 0, 1, 0, 0, 0, 0, 0, 1, 0, 0, 0, 0, 1, 1, 0, 0, 1]","[1, 0, 0, 1, 1, 0, 0, 0, 0, 0, 0, 0, 0, 0, 1, 0, 0, 0, 1, 0, 0, 0, 1, 1, 0, 1, 0, 1, 0, 1]",40,1,1,20,"[[1, 0, 0, 0, 0, 1, 0, 0, 0, 1, 1, 1, 1, 0], [1, 0, 0, 0, 0, 0, 0, 0, 0, 1, 1, 1, 1, 1], [1, 0, 1, 0, 0, 0, 0, 0, 1, 0, 1, 0, 1, 1], [0, 0, 0, 1, 1, 0, 0, 0, 0, 1, 1, 1, 1, 1], [0, 0, 1, 0, 0, 0, 1, 0, 1, 0, 1, 1, 1, 1], [1, 0, 1, 0, 0, 1, 0, 0, 1, 1, 1, 0, 0, 1], [0, 0, 1, 0, 1, 1, 1, 0, 0, 1, 1, 1, 1, 1]]"
43,25,2,"[1, 0, 0]","[0, 1, 0]","[4, 5, 5, 2, 5, 3, 4, 4]",0.08,0.67,"[0.3, 0.2, 0.5]","[0, 1, 0, 0, 1, 0, 1, 0, 0, 1, 1, 0, 0, 0, 1, 0, 0, 0, 0, 1, 0, 0, 1, 0, 1, 0, 0, 0, 0, 1]","[0, 0, 0, 0, 0, 0, 0, 0, 1, 0, 1, 0, 0, 0, 0, 1, 1, 1, 0, 0, 1, 0, 1, 0, 0, 0, 0, 1, 1, 1]",30,3,3,46,"[[0, 0, 0, 0, 0, 0, 0, 0, 0, 1, 0, 1, 1, 0], [0, 0, 1, 0, 1, 0, 0, 0, 0, 0, 0, 1, 0, 0], [1, 0, 0, 1, 0, 1, 0, 1, 0, 1, 0, 0, 1, 0], [0, 0, 0, 1, 1, 1, 0, 0, 0, 0, 1, 1, 1, 1], [0, 0, 1, 0, 0, 0, 1, 1, 0, 0, 0, 1, 0, 0], [0, 0, 1, 1, 1, 1, 1, 0, 1, 1, 1, 1, 1, 0], [1, 1, 1, 1, 1, 1, 0, 0, 0, 1, 1, 0, 1, 1]]"
44,25,2,"[1, 0, 0]","[0, 1, 0]","[2, 3, 2, 4, 5, 3, 3, 4]",0.43,0.48,"[0.2, 0.5, 0.3]","[0, 0, 0, 0, 1, 0, 1, 0, 0, 0, 0, 0, 1, 1, 0, 0, 1, 0, 0, 1, 1, 1, 1, 1, 0, 0, 0, 0, 0, 0]","[1, 1, 0, 0, 1, 0, 0, 0, 0, 0, 0, 0, 0, 1, 0, 1, 0, 0, 0, 1, 0, 0, 1, 0, 0, 0, 0, 1, 1, 1]",10,2,4,51,"[[1, 1, 0, 0, 1, 0, 0, 0, 1, 0, 1, 0, 0, 0], [0, 0, 0, 0, 1, 1, 0, 0, 0, 1, 1, 1, 1, 1], [0, 0, 0, 0, 0, 1, 0, 0, 0, 1, 1, 1, 0, 1], [0, 0, 0, 1, 0, 1, 1, 0, 1, 1, 0, 1, 1, 1], [0, 1, 0, 1, 0, 1, 1, 1, 0, 0, 1, 1, 1, 0], [0, 1, 0, 0, 1, 1, 1, 1, 1, 1, 0, 1, 0, 1], [1, 0, 0, 1, 0, 1, 0, 0, 0, 1, 0, 1, 1, 1]]"
45,20,2,"[1, 0, 0]","[0, 1, 0]","[4, 4, 1, 5, 1, 3, 1, 5]",0.92,0.58,"[0.5, 0.2, 0.3]","[0, 0, 1, 0, 0, 0, 1, 1, 0, 0, 0, 1, 1, 1, 0, 0, 0, 0, 0, 0, 0, 0, 1, 0, 1, 0, 0, 1, 1, 0]","[1, 0, 1, 0, 1, 1, 0, 0, 0, 0, 1, 1, 0, 1, 0, 0, 0, 0, 1, 0, 0, 0, 1, 0, 0, 0, 0, 1, 0, 0]",20,3,7,21,"[[0, 0, 0, 0, 1, 0, 1, 1, 0, 0, 1, 0, 0, 0], [0, 1, 1, 1, 0, 0, 0, 1, 0, 0, 1, 1, 1, 0], [0, 0, 0, 0, 1, 1, 0, 0, 1, 0, 0, 1, 1, 1], [0, 0, 0, 0, 1, 1, 0, 0, 0, 0, 1, 1, 1, 0], [0, 0, 0, 1, 0, 0, 0, 0, 0, 1, 1, 0, 0, 0], [1, 0, 1, 1, 1, 0, 1, 1, 0, 1, 0, 0, 1, 1], [0, 1, 1, 1, 1, 1, 0, 1, 0, 1, 1, 1, 1, 0]]"
46,21,4,"[0, 1, 0]","[1, 0, 0]","[4, 2, 2, 5, 5, 4, 4, 3]",0.42,0.48,"[0.5, 0.1, 0.4]","[0, 0, 0, 0, 1, 0, 0, 0, 0, 1, 0, 1, 1, 0, 1, 0, 1, 1, 1, 1, 0, 0, 0, 0, 0, 0, 0, 0, 0, 1]","[0, 0, 1, 0, 0, 0, 0, 0, 0, 0, 0, 0, 1, 0, 0, 1, 0, 0, 0, 1, 1, 1, 1, 0, 0, 1, 1, 1, 0, 0]",30,1,6,49,"[[0, 1, 0, 1, 0, 0, 0, 0, 0, 0, 0, 0, 0, 0], [1, 0, 0, 1, 1, 1, 0, 0, 1, 1, 1, 1, 0, 1], [0, 1, 0, 0, 1, 1, 0, 0, 0, 0, 0, 1, 1, 0], [0, 1, 0, 0, 0, 0, 0, 0, 1, 1, 1, 1, 1, 1], [0, 0, 0, 1, 0, 1, 0, 1, 0, 1, 1, 1, 1, 0], [0, 0, 1, 1, 1, 0, 1, 1, 1, 1, 1, 1, 0, 1], [1, 0, 0, 1, 1, 1, 0, 0, 0, 1, 0, 0, 1, 1]]"
47,21,0,"[1, 0, 0]","[0, 1, 0]","[2, 2, 2, 1, 4, 5, 4, 2]",0.08,0.88,"[0.3, 0.3, 0.4]","[0, 0, 0, 1, 1, 1, 0, 0, 1, 0, 0, 1, 0, 1, 0, 0, 0, 0, 0, 1, 0, 0, 0, 0, 1, 0, 0, 1, 0, 1]","[0, 0, 0, 1, 1, 0, 0, 0, 0, 0, 0, 1, 1, 0, 0, 0, 0, 1, 1, 0, 0, 1, 1, 1, 1, 0, 0, 0, 0, 0]",40,2,4,11,"[[0, 1, 1, 1, 0, 0, 0, 0, 0, 0, 1, 1, 1, 0], [1, 0, 0, 1, 0, 1, 0, 0, 0, 0, 0, 0, 1, 1], [0, 1, 1, 1, 0, 0, 0, 0, 0, 1, 1, 1, 1, 1], [0, 0, 0, 1, 1, 0, 0, 0, 0, 0, 0, 0, 1, 1], [0, 0, 0, 1, 1, 0, 1, 0, 0, 0, 1, 1, 0, 0], [1, 1, 0, 1, 0, 1, 0, 1, 0, 0, 1, 1, 0, 1], [1, 0, 0, 1, 1, 1, 1, 1, 0, 1, 1, 0, 0, 0]]"
48,25,2,"[1, 0, 0]","[0, 1, 0]","[3, 1, 2, 4, 4, 5, 5, 3]",0.75,0.51,"[0.3, 0.4, 0.3]","[0, 0, 1, 1, 0, 0, 1, 1, 0, 1, 0, 0, 0, 0, 0, 0, 1, 1, 0, 0, 0, 0, 1, 0, 0, 1, 0, 0, 1, 0]","[0, 0, 0, 0, 1, 1, 0, 0, 0, 1, 1, 0, 0, 0, 0, 1, 0, 0, 1, 0, 0, 0, 0, 0, 1, 1, 0, 1, 0, 1]",20,4,5,19,"[[0, 0, 0, 0, 1, 1, 0, 0, 0, 1, 0, 0, 1, 1], [0, 0, 1, 1, 1, 1, 1, 0, 1, 0, 0, 1, 1, 0], [0, 0, 0, 0, 1, 1, 0, 0, 0, 0, 1, 0, 1, 0], [0, 1, 0, 0, 0, 1, 0, 1, 0, 0, 1, 1, 0, 0], [0, 0, 0, 0, 1, 0, 0, 1, 0, 1, 1, 1, 1, 0], [1, 1, 1, 1, 1, 0, 1, 1, 0, 1, 0, 0, 0, 0], [0, 0, 0, 1, 1, 1, 0, 1, 1, 0, 0, 1, 0, 0]]"
49,21,2,"[1, 0, 0]","[0, 1, 0]","[2, 1, 5, 1, 1, 4, 4, 2]",0.23,0.99,"[0.3, 0.5, 0.2]","[0, 0, 0, 0, 0, 0, 0, 0, 0, 1, 1, 0, 1, 0, 1, 0, 1, 0, 0, 0, 0, 0, 1, 1, 1, 1, 0, 1, 0, 0]","[0, 1, 1, 1, 0, 0, 0, 0, 1, 0, 1, 0, 1, 0, 0, 1, 0, 1, 0, 0, 0, 0, 0, 0, 0, 0, 0, 0, 1, 1]",50,4,5,44,"[[0, 1, 0, 0, 1, 0, 0, 0, 1, 0, 1, 1, 0, 1], [0, 0, 0, 1, 0, 1, 0, 1, 0, 1, 1, 1, 1, 1], [0, 1, 0, 1, 1, 1, 1, 0, 0, 0, 1, 1, 1, 0], [0, 0, 0, 1, 0, 0, 1, 0, 0, 1, 1, 1, 1, 0], [0, 0, 1, 1, 1, 1, 0, 0, 0, 1, 1, 1, 0, 0], [1, 1, 1, 1, 1, 1, 0, 1, 1, 1, 1, 1, 1, 1], [1, 1, 1, 1, 1, 1, 1, 0, 0, 1, 0, 1, 1, 1]]"
50,20,3,"[1, 0, 0]","[0, 1, 0]","[1, 2, 3, 3, 2, 4, 1, 4]",0.7,0.51,"[0.5, 0.1, 0.4]","[0, 0, 0, 1, 0, 0, 0, 1, 0, 0, 0, 1, 0, 0, 0, 1, 1, 1, 0, 0, 1, 0, 1, 0, 0, 0, 0, 0, 1, 1]","[0, 1, 1, 0, 0, 1, 0, 1, 0, 0, 0, 0, 0, 0, 0, 0, 0, 0, 0, 0, 1, 0, 1, 1, 1, 0, 0, 1, 1, 0]",0,2,5,31,"[[0, 0, 1, 0, 0, 1, 0, 0, 0, 0, 0, 1, 1, 1], [0, 0, 1, 0, 0, 1, 0, 0, 0, 0, 0, 1, 1, 0], [0, 0, 1, 0, 1, 0, 0, 0, 0, 0, 1, 1, 1, 0], [0, 0, 0, 1, 1, 0, 0, 1, 1, 0, 0, 1, 0, 1], [0, 0, 0, 1, 0, 0, 0, 1, 0, 0, 1, 1, 1, 0], [0, 1, 0, 0, 1, 0, 1, 0, 0, 1, 0, 1, 1, 1], [1, 0, 1, 1, 1, 1, 1, 1, 1, 1, 1, 1, 1, 1]]"
51,19,4,"[1, 0, 0]","[0, 1, 0]","[1, 5, 4, 4, 4, 2, 5, 4]",0.52,0.73,"[0.3, 0.3, 0.4]","[0, 0, 0, 0, 0, 0, 0, 1, 0, 1, 1, 0, 1, 0, 0, 1, 0, 1, 0, 1, 0, 0, 1, 0, 0, 0, 1, 0, 0, 1]","[0, 1, 0, 0, 0, 1, 1, 0, 1, 0, 1, 0, 0, 1, 1, 1, 0, 0, 0, 1, 1, 0, 0, 0, 0, 0, 0, 0, 0, 0]",30,5,8,29,"[[1, 0, 0, 1, 1, 1, 0, 1, 0, 0, 0, 1, 1, 0], [0, 0, 0, 1, 0, 1, 1, 0, 0, 0, 0, 0, 1, 1], [1, 0, 0, 0, 1, 0, 0, 0, 1, 0, 0, 0, 1, 1], [0, 0, 0, 1, 0, 1, 0, 0, 1, 1, 1, 0, 0, 0], [0, 0, 0, 0, 1, 0, 1, 0, 0, 1, 1, 0, 1, 0], [1, 1, 1, 1, 0, 1, 0, 0, 1, 0, 0, 1, 1, 0], [1, 0, 0, 1, 1, 1, 0, 0, 0, 0, 1, 1, 1, 1]]"
52,25,2,"[0, 1, 0]","[1, 0, 0]","[5, 3, 2, 1, 1, 1, 5, 3]",0.78,0.48,"[0.3, 0.6, 0.1]","[0, 1, 0, 0, 1, 1, 0, 0, 1, 0, 1, 1, 0, 0, 0, 0, 1, 0, 0, 1, 0, 1, 0, 0, 1, 0, 0, 0, 0, 0]","[0, 0, 1, 1, 0, 1, 0, 0, 0, 0, 0, 0, 1, 1, 1, 0, 0, 1, 0, 0, 0, 0, 1, 0, 1, 0, 0, 1, 0, 0]",60,1,4,47,"[[0, 0, 0, 1, 1, 0, 0, 0, 0, 1, 0, 1, 1, 0], [0, 0, 0, 1, 1, 1, 0, 0, 0, 1, 0, 1, 1, 1], [1, 0, 0, 1, 1, 1, 0, 0, 0, 0, 1, 1, 1, 1], [0, 0, 0, 1, 1, 1, 0, 1, 0, 0, 0, 1, 0, 0], [0, 0, 0, 0, 1, 0, 0, 0, 0, 0, 0, 1, 0, 0], [0, 0, 1, 0, 1, 1, 1, 0, 0, 1, 1, 1, 1, 0], [0, 0, 1, 1, 1, 1, 0, 1, 1, 1, 1, 0, 1, 1]]"
53,24,3,"[0, 1, 0]","[1, 0, 0]","[5, 4, 2, 1, 5, 4, 5, 1]",0.64,0.72,"[0.3, 0.3, 0.4]","[0, 1, 1, 0, 0, 0, 0, 1, 1, 1, 0, 0, 0, 0, 0, 0, 0, 0, 0, 0, 0, 0, 0, 1, 0, 1, 1, 0, 1, 1]","[0, 0, 0, 0, 0, 0, 1, 0, 1, 0, 0, 0, 0, 0, 1, 0, 1, 0, 1, 1, 0, 1, 0, 1, 1, 0, 0, 1, 0, 0]",40,1,2,18,"[[0, 0, 0, 1, 0, 1, 1, 0, 0, 1, 1, 0, 1, 0], [0, 1, 0, 0, 0, 1, 1, 0, 0, 1, 1, 1, 1, 0], [0, 0, 0, 1, 0, 0, 0, 0, 0, 0, 1, 0, 1, 0], [0, 0, 0, 1, 1, 0, 0, 0, 0, 0, 1, 0, 1, 1], [0, 0, 0, 1, 0, 1, 0, 0, 1, 0, 1, 1, 1, 1], [1, 0, 0, 1, 1, 1, 1, 0, 0, 1, 1, 1, 1, 1], [0, 0, 0, 1, 1, 1, 1, 0, 0, 1, 0, 1, 1, 0]]"
54,20,2,"[0, 1, 0]","[1, 0, 0]","[5, 2, 5, 3, 2, 2, 1, 4]",0.45,0.8,"[0.4, 0.3, 0.3]","[0, 0, 0, 1, 0, 1, 0, 0, 0, 0, 1, 1, 1, 1, 0, 0, 0, 0, 0, 0, 0, 0, 1, 1, 1, 0, 0, 1, 0, 0]","[0, 0, 0, 1, 0, 0, 1, 0, 0, 0, 0, 1, 0, 1, 1, 1, 0, 0, 1, 0, 0, 0, 0, 0, 1, 0, 0, 1, 0, 1]",60,3,9,5,"[[1, 0, 0, 1, 1, 1, 0, 0, 1, 1, 0, 0, 1, 0], [0, 0, 0, 1, 0, 0, 0, 0, 0, 1, 1, 1, 1, 1], [0, 0, 0, 0, 0, 1, 1, 0, 0, 0, 0, 1, 1, 0], [0, 0, 0, 1, 0, 0, 0, 0, 0, 1, 1, 1, 1, 0], [0, 0, 0, 1, 0, 0, 0, 0, 0, 1, 1, 1, 0, 0], [0, 1, 1, 1, 1, 1, 0, 1, 1, 0, 1, 0, 0, 1], [0, 0, 1, 1, 0, 1, 0, 0, 0, 1, 1, 1, 1, 0]]"
55,21,2,"[0, 1, 0]","[1, 0, 0]","[2, 4, 3, 3, 4, 3, 3, 4]",0.56,0.47,"[0.3, 0.4, 0.3]","[1, 0, 0, 1, 1, 0, 1, 1, 0, 0, 0, 0, 0, 0, 1, 0, 1, 1, 0, 0, 1, 0, 0, 0, 0, 0, 0, 0, 0, 1]","[0, 1, 0, 0, 1, 1, 0, 0, 0, 0, 0, 1, 0, 1, 1, 0, 1, 0, 0, 0, 0, 0, 0, 0, 1, 0, 1, 0, 0, 1]",10,1,5,37,"[[0, 1, 0, 1, 1, 1, 0, 0, 0, 0, 0, 1, 0, 0], [0, 0, 0, 1, 1, 0, 0, 1, 1, 0, 0, 1, 1, 1], [0, 0, 0, 1, 0, 1, 0, 0, 0, 0, 1, 1, 1, 0], [0, 0, 0, 1, 1, 1, 0, 0, 1, 0, 1, 1, 0, 0], [1, 0, 0, 1, 0, 0, 0, 0, 1, 1, 1, 1, 1, 0], [0, 1, 1, 1, 1, 1, 1, 0, 1, 0, 1, 0, 1, 0], [1, 1, 0, 0, 1, 1, 0, 0, 1, 1, 1, 0, 1, 0]]"
56,23,2,"[0, 1, 0]","[1, 0, 0]","[1, 5, 5, 2, 2, 3, 5, 3]",0.11,0.73,"[0.3, 0.4, 0.3]","[0, 0, 1, 0, 0, 1, 0, 0, 0, 0, 0, 0, 1, 0, 1, 1, 1, 0, 0, 1, 0, 0, 0, 1, 0, 0, 0, 0, 1, 1]","[0, 0, 1, 0, 0, 1, 1, 1, 0, 0, 0, 0, 0, 0, 1, 0, 1, 0, 0, 0, 0, 1, 1, 0, 1, 0, 0, 0, 0, 1]",30,3,4,43,"[[0, 0, 0, 1, 1, 1, 0, 0, 0, 1, 0, 1, 0, 1], [0, 0, 0, 0, 0, 0, 0, 1, 0, 1, 0, 0, 1, 0], [0, 1, 0, 0, 0, 0, 0, 1, 0, 1, 0, 1, 1, 0], [0, 0, 1, 0, 0, 1, 1, 0, 1, 0, 1, 1, 0, 0], [0, 0, 0, 1, 1, 1, 0, 0, 0, 1, 0, 1, 0, 0], [0, 1, 0, 0, 1, 1, 1, 1, 0, 1, 0, 1, 1, 0], [0, 1, 1, 1, 0, 1, 0, 0, 1, 1, 0, 1, 1, 0]]"
57,26,3,"[1, 0, 0]","[0, 1, 0]","[2, 2, 5, 5, 1, 4, 2, 3]",0.22,0.52,"[0.2, 0.4, 0.4]","[1, 0, 1, 0, 1, 0, 0, 1, 1, 1, 0, 1, 0, 0, 1, 0, 0, 0, 1, 0, 0, 0, 0, 0, 0, 0, 0, 0, 1, 0]","[0, 0, 1, 0, 1, 0, 0, 1, 0, 0, 1, 0, 1, 0, 0, 0, 0, 1, 0, 1, 1, 0, 0, 1, 0, 0, 0, 0, 0, 1]",80,5,6,6,"[[1, 1, 0, 1, 0, 0, 0, 0, 1, 1, 1, 1, 1, 0], [0, 0, 0, 0, 0, 1, 0, 0, 0, 1, 1, 0, 0, 0], [0, 1, 0, 0, 0, 0, 0, 0, 0, 1, 0, 1, 1, 0], [0, 1, 1, 0, 0, 1, 0, 0, 0, 0, 1, 1, 0, 0], [1, 0, 0, 1, 1, 1, 0, 1, 0, 1, 1, 0, 1, 0], [1, 1, 1, 1, 1, 1, 1, 0, 0, 0, 1, 1, 1, 1], [0, 0, 0, 0, 1, 0, 0, 1, 0, 1, 1, 1, 0, 0]]"
58,25,3,"[1, 0, 0]","[0, 1, 0]","[5, 2, 1, 5, 3, 5, 2, 1]",0.66,0.55,"[0.3, 0.3, 0.4]","[0, 1, 0, 0, 0, 0, 0, 0, 1, 1, 0, 0, 0, 0, 0, 1, 0, 1, 1, 0, 0, 0, 0, 1, 1, 0, 1, 0, 1, 0]","[1, 1, 0, 1, 0, 0, 0, 0, 0, 0, 0, 0, 0, 0, 0, 0, 0, 0, 1, 0, 0, 0, 1, 1, 1, 1, 0, 0, 1, 1]",40,1,6,44,"[[0, 0, 0, 1, 0, 0, 1, 0, 0, 0, 0, 1, 1, 1], [0, 0, 0, 0, 1, 1, 1, 0, 0, 1, 1, 1, 1, 0], [0, 0, 0, 1, 0, 1, 1, 0, 0, 0, 0, 0, 0, 0], [0, 0, 0, 1, 0, 1, 0, 0, 0, 1, 1, 1, 1, 0], [1, 1, 0, 1, 1, 1, 0, 0, 0, 1, 1, 0, 0, 0], [1, 1, 0, 1, 1, 1, 0, 1, 1, 1, 1, 1, 1, 1], [0, 0, 0, 1, 1, 0, 0, 0, 1, 1, 1, 0, 1, 1]]"
59,26,2,"[1, 0, 0]","[0, 1, 0]","[2, 5, 4, 2, 3, 2, 2, 3]",0.64,1,"[0.5, 0.2, 0.3]","[1, 1, 0, 0, 1, 0, 0, 0, 0, 1, 0, 0, 1, 1, 1, 1, 0, 1, 0, 0, 0, 0, 0, 0, 0, 0, 1, 0, 0, 0]","[0, 1, 0, 0, 1, 1, 0, 0, 0, 0, 0, 0, 0, 1, 1, 0, 1, 0, 0, 0, 1, 1, 0, 0, 0, 0, 1, 0, 0, 1]",40,3,6,17,"[[0, 1, 0, 0, 1, 0, 0, 0, 0, 0, 1, 0, 0, 1], [0, 0, 1, 0, 1, 0, 0, 0, 1, 1, 0, 1, 1, 0], [0, 1, 0, 0, 1, 1, 0, 0, 0, 0, 0, 0, 0, 0], [0, 0, 0, 1, 1, 1, 1, 1, 0, 1, 0, 1, 0, 1], [0, 0, 0, 1, 1, 1, 0, 0, 0, 0, 0, 0, 0, 0], [1, 0, 1, 1, 1, 1, 1, 1, 1, 1, 1, 1, 0, 0], [0, 0, 0, 1, 0, 1, 0, 0, 1, 0, 1, 1, 0, 1]]"
60,20,2,"[0, 1, 0]","[1, 0, 0]","[3, 5, 2, 4, 3, 2, 1, 2]",0.52,0.87,"[0.1, 0.6, 0.3]","[0, 0, 0, 1, 1, 1, 1, 0, 0, 0, 0, 0, 1, 0, 0, 0, 1, 1, 0, 0, 0, 0, 0, 1, 1, 0, 0, 0, 0, 1]","[0, 1, 1, 0, 0, 0, 0, 1, 0, 1, 0, 1, 0, 0, 0, 0, 0, 0, 0, 1, 1, 0, 1, 0, 1, 0, 1, 0, 0, 0]",40,4,6,11,"[[0, 0, 1, 1, 0, 1, 0, 0, 0, 0, 0, 1, 1, 0], [1, 0, 1, 0, 1, 1, 0, 0, 0, 0, 0, 0, 0, 1], [1, 0, 1, 0, 0, 0, 1, 0, 1, 0, 1, 0, 1, 1], [0, 0, 0, 0, 1, 0, 0, 0, 0, 1, 0, 1, 1, 0], [1, 0, 1, 0, 0, 1, 0, 0, 1, 0, 0, 1, 0, 1], [1, 0, 1, 1, 1, 1, 0, 1, 1, 1, 1, 1, 1, 1], [0, 1, 1, 0, 1, 0, 0, 0, 0, 1, 1, 0, 1, 0]]"
61,25,2,"[1, 0, 0]","[0, 1, 0]","[2, 1, 2, 5, 5, 2, 1, 4]",0.69,0.77,"[0.4, 0.3, 0.3]","[1, 1, 0, 0, 1, 0, 0, 1, 0, 1, 0, 1, 0, 1, 0, 1, 1, 0, 0, 0, 0, 0, 0, 0, 0, 0, 0, 1, 0, 0]","[0, 0, 1, 1, 0, 1, 0, 0, 0, 1, 1, 0, 0, 0, 0, 0, 0, 0, 0, 0, 0, 0, 1, 1, 0, 1, 0, 1, 0, 1]",30,3,4,48,"[[0, 0, 0, 1, 1, 0, 0, 0, 0, 1, 1, 1, 1, 1], [1, 0, 0, 1, 1, 0, 0, 0, 0, 1, 1, 0, 1, 1], [0, 1, 0, 0, 1, 0, 0, 1, 0, 1, 0, 0, 1, 0], [1, 0, 0, 0, 0, 1, 1, 0, 1, 1, 0, 0, 1, 0], [0, 0, 0, 1, 0, 0, 0, 0, 0, 0, 0, 0, 1, 1], [1, 1, 1, 1, 0, 0, 1, 1, 0, 1, 0, 1, 1, 1], [1, 1, 0, 1, 1, 1, 1, 0, 0, 1, 1, 1, 1, 0]]"
